﻿No,Student Code,Student Name,Script Code,Submitted Time,Evaluated Time,Coding Convention,Result,Total point,Error
1,SE62847,Trần Đại Thành,CSharp_671204242_DE01
2,SE62882,Lâm Thanh Phát,CSharp_671204242_DE01
3,SE63146,Võ Nhật Thiên,CSharp_671204242_DE01
4,SE61902,Trần Tiến Hòa Bình,CSharp_671204242_DE01
5,SE61616,Nguyễn Khôi Nguyên,CSharp_671204242_DE01
6,SE62289,Đàm Đình Đức Trung,CSharp_671204242_DE01
7,SE62792,Đồng Bảo Long,CSharp_671204242_DE01
8,SE62804,Nguyễn Tiến Thiên,CSharp_671204242_DE01
9,SE62823,Lê Phát Đạt,CSharp_671204242_DE01
10,SE62841,Văn Đức Quốc Anh,CSharp_671204242_DE01
11,SE62867,Hoàng Đại Dương,CSharp_671204242_DE01
12,SE62878,Trần Minh Chiến,CSharp_671204242_DE01
13,SE62915,Nguyễn Toàn Thắng,CSharp_671204242_DE01
14,SE63030,Nguyễn Trung Nguyên,CSharp_671204242_DE01
15,SE63151,Đặng Hữu Lễ,CSharp_671204242_DE01
16,SE63152,Lê Trung,CSharp_671204242_DE01
17,SE63192,Phạm Minh Trương,CSharp_671204242_DE01
18,SE63200,Phạm Hoài Vũ,CSharp_671204242_DE01
19,SE63220,Nguyễn Khải Ngộ,CSharp_671204242_DE01
20,SE63236,Nguyễn Quốc Dũng,CSharp_671204242_DE01
21,SE63254,Nguyễn Hải Phương,CSharp_671204242_DE01
22,SE63284,Ngô Thị Mỹ Dung,CSharp_671204242_DE01
23,SE63369,Trương Minh Nhật Quang,CSharp_671204242_DE01
