﻿No,Student Code,Student Name,Script Code,Total point
1,SE62882,Lâm Thanh Phát
2,SE63146,Võ Nhật Thiên
3,SE61902,Trần Tiến Hòa Bình
4,SE61616,Nguyễn Khôi Nguyên
5,SE62289,Đàm Đình Đức Trung
6,SE62792,Đồng Bảo Long
7,SE62804,Nguyễn Tiến Thiên
8,SE62823,Lê Phát Đạt
9,SE62841,Văn Đức Quốc Anh
10,SE62867,Hoàng Đại Dương
11,SE62878,Trần Minh Chiến
12,SE62915,Nguyễn Toàn Thắng
13,SE63030,Nguyễn Trung Nguyên
14,SE63073,Trần Đức Thọ
15,SE63151,Đặng Hữu Lễ
16,SE63152,Lê Trung
17,SE63192,Phạm Minh Trương
18,SE63200,Phạm Hoài Vũ
19,SE63220,Nguyễn Khải Ngộ
20,SE63236,Nguyễn Quốc Dũng
21,SE63254,Nguyễn Hải Phương
22,SE63284,Ngô Thị Mỹ Dung
23,SE63369,Trương Minh Nhật Quang
