﻿No,Student Code,Student Name,Script Code,Submitted Time,Evaluated Time,Coding Convention,Result,Total point,Error
1,SE62882,Lâm Thanh Phát,C_673081077_DE01
2,SE63146,Võ Nhật Thiên,C_673081077_DE01
3,SE61902,Trần Tiến Hòa Bình,C_673081077_DE01
4,SE61616,Nguyễn Khôi Nguyên,C_673081077_DE01
5,SE62289,Đàm Đình Đức Trung,C_673081077_DE01
6,SE62792,Đồng Bảo Long,C_673081077_DE01
7,SE62804,Nguyễn Tiến Thiên,C_673081077_DE01
8,SE62823,Lê Phát Đạt,C_673081077_DE01
9,SE62841,Văn Đức Quốc Anh,C_673081077_DE01
10,SE62867,Hoàng Đại Dương,C_673081077_DE01
11,SE62878,Trần Minh Chiến,C_673081077_DE01
12,SE62915,Nguyễn Toàn Thắng,C_673081077_DE01
13,SE63030,Nguyễn Trung Nguyên,C_673081077_DE01
14,SE63073,Trần Đức Thọ,C_673081077_DE01
15,SE63151,Đặng Hữu Lễ,C_673081077_DE01
16,SE63152,Lê Trung,C_673081077_DE01
17,SE63192,Phạm Minh Trương,C_673081077_DE01
18,SE63200,Phạm Hoài Vũ,C_673081077_DE01
19,SE63220,Nguyễn Khải Ngộ,C_673081077_DE01
20,SE63236,Nguyễn Quốc Dũng,C_673081077_DE01
21,SE63254,Nguyễn Hải Phương,C_673081077_DE01
22,SE63284,Ngô Thị Mỹ Dung,C_673081077_DE01
23,SE63369,Trương Minh Nhật Quang,C_673081077_DE01
