﻿No,Student Code,Student Name,Script Code,Total point
1,SE62847,Trần Đại Thành
2,SE62882,Lâm Thanh Phát
3,SE63146,Võ Nhật Thiên
4,SE61902,Trần Tiến Hòa Bình
5,SE61616,Nguyễn Khôi Nguyên
6,SE62289,Đàm Đình Đức Trung
7,SE62792,Đồng Bảo Long
8,SE62804,Nguyễn Tiến Thiên
9,SE62823,Lê Phát Đạt
10,SE62841,Văn Đức Quốc Anh
11,SE62867,Hoàng Đại Dương
12,SE62878,Trần Minh Chiến
13,SE62915,Nguyễn Toàn Thắng
14,SE63030,Nguyễn Trung Nguyên
15,SE63073,Trần Đức Thọ
16,SE63151,Đặng Hữu Lễ
17,SE63152,Lê Trung
18,SE63192,Phạm Minh Trương
19,SE63200,Phạm Hoài Vũ
20,SE63220,Nguyễn Khải Ngộ
21,SE63236,Nguyễn Quốc Dũng
22,SE63254,Nguyễn Hải Phương
23,SE63284,Ngô Thị Mỹ Dung
24,SE63369,Trương Minh Nhật Quang
