﻿No,Student Code,Student Name,Script Code,Submitted Time,Evaluated Time,Coding Convention,Result,Total point,Error
1,SE62847,Trần Đại Thành,Java_670340210_DE01
2,SE62882,Lâm Thanh Phát,Java_670340210_DE01
3,SE63146,Võ Nhật Thiên,Java_670340210_DE01
4,SE61902,Trần Tiến Hòa Bình,Java_670340210_DE01
5,SE61616,Nguyễn Khôi Nguyên,Java_670340210_DE01
6,SE62289,Đàm Đình Đức Trung,Java_670340210_DE01
7,SE62792,Đồng Bảo Long,Java_670340210_DE01
8,SE62804,Nguyễn Tiến Thiên,Java_670340210_DE01
9,SE62823,Lê Phát Đạt,Java_670340210_DE01
10,SE62841,Văn Đức Quốc Anh,Java_670340210_DE01
11,SE62867,Hoàng Đại Dương,Java_670340210_DE01
12,SE62878,Trần Minh Chiến,Java_670340210_DE01
13,SE62915,Nguyễn Toàn Thắng,Java_670340210_DE01
14,SE63030,Nguyễn Trung Nguyên,Java_670340210_DE01
15,SE63073,Trần Đức Thọ,Java_670340210_DE01
16,SE63151,Đặng Hữu Lễ,Java_670340210_DE01
17,SE63152,Lê Trung,Java_670340210_DE01
18,SE63192,Phạm Minh Trương,Java_670340210_DE01
19,SE63200,Phạm Hoài Vũ,Java_670340210_DE01
20,SE63220,Nguyễn Khải Ngộ,Java_670340210_DE01
21,SE63236,Nguyễn Quốc Dũng,Java_670340210_DE01
22,SE63254,Nguyễn Hải Phương,Java_670340210_DE01
23,SE63284,Ngô Thị Mỹ Dung,Java_670340210_DE01
24,SE63369,Trương Minh Nhật Quang,Java_670340210_DE01
